{
  "method": "isotonic",
  "n_bins": 10,
  "config": {
    "method": "isotonic",
    "n_bins": 10
  },
  "calibration_mapping": {
    "5": 0.0,
    "15": 0.1509433962264151,
    "25": 0.16923076923076924,
    "35": 0.5,
    "45": 0.6451612903225806,
    "55": 0.08045977011494253,
    "65": 0.423728813559322,
    "75": 0.6574074074074074,
    "85": 1.0,
    "95": 1.0
  },
  "bin_edges": [
    0.0,
    10.0,
    20.0,
    30.0,
    40.0,
    50.0,
    60.0,
    70.0,
    80.0,
    90.0,
    100.0
  ]
}